{"cameraMode":{"drawMode":0,"name":"Shaded","section":"Shading Mode"},"sceneLighting":false,"audioPlay":false,"sceneViewState":{"m_AlwaysRefresh":false,"showFog":true,"showSkybox":false,"showFlares":true,"showImageEffects":true,"showParticleSystems":true,"showVisualEffectGraphs":true,"m_FxEnabled":true},"in2DMode":false,"pivot":{"x":-1.1920928955078126e-7,"y":0.6827837228775024,"z":0.03587833046913147},"rotation":{"x":-0.10794704407453537,"y":0.8547804951667786,"z":-0.19726644456386567,"w":-0.4677458107471466},"size":0.8905179500579834,"orthographic":false}